1|2|3|4|5|6|7
Bradford|217817243|Oneil|991844974364325269|438383|01/03/2021|sit amet, faucibus ut,
Moran|934083833|Chaney|869616891518273429|924082|13/08/2020|per conubia nostra, per
Best|734606103|Pratt|1242385659414736149|373979|27/06/2021|sociis natoque penatibus et
Richard|206758815|Rodriguez|563980152927036053|437097|20/09/2020|Nullam nisl. Maecenas malesuada
Berger|656860642|Ferguson|1355589590334397717|50210|06/11/2020|Aenean gravida nunc sed
Mckinney|246379889|Holcomb|681236162521059477|565767|06/09/2021|ultrices. Duis volutpat nunc
Pratt|301972655|Salas|2113174020168349205|577904|25/03/2020|et ultrices posuere cubilia
Charles|683003437|Hood|2121567460593317397|177986|01/09/2021|purus mauris a nunc.
Lynn|938424501|Tucker|785920571566430997|183859|17/05/2020|vitae, sodales at, velit.
Phelps|339896092|Whitehead|13988024598695059|829301|14/03/2021|Duis at lacus. Quisque
Garner|497042618|Cash|1775607921171202069|723187|17/03/2020|congue turpis. In condimentum.
Miller|522492589|Velez|1017290240511540629|364086|13/11/2021|rutrum eu, ultrices sit
Chapman|582371398|Case|1414358394225694485|436959|20/10/2020|ridiculus mus. Proin vel
Hess|976840743|Evans|761178624768836117|323083|14/06/2021|purus. Duis elementum, dui
Nixon|164916369|Patrick|1484572778868874261|53948|05/10/2020|ligula. Nullam enim. Sed
Morse|453096351|Wiley|1879831932707252501|139641|28/10/2021|neque pellentesque massa lobortis
Lawrence|786236536|Cash|1058114681191311125|201323|09/09/2020|et magnis dis parturient
Welch|440528280|Bauer|259461853934720757|970842|22/08/2021|neque. In ornare sagittis
Hopkins|458014602|Jennings|1677343009489193749|712162|06/05/2021|risus. Duis a mi
Clark|454467636|Simmons|2067616497846229781|16953|23/10/2021|ipsum. Curabitur consequat, lectus
Hicks|697411912|Ferguson|915400365023392661|466854|05/10/2020|elit, pellentesque a, facilisis
Boone|979732554|Coleman|560370724655139285|442659|16/01/2020|neque. Nullam nisl. Maecenas
Reid|469333222|Reed|1893695010963489557|511022|21/01/2021|ante ipsum primis in
Flowers|947054611|Buckley|1804174369496270101|669262|30/12/2019|felis eget varius ultrices,
Massey|852494255|Crane|969063059967461653|726492|06/02/2020|ipsum primis in faucibus
French|250694555|Sykes|1392263026995617045|538117|04/11/2020|urna. Nullam lobortis quam
Anderson|661272220|Golden|475096539247518229|861614|20/02/2021|tristique pellentesque, tellus sem
Mcdowell|659303822|Colon|814282075376765589|428677|09/08/2020|aliquet lobortis, nisi nibh
Blackwell|749519523|Mullins|440857879364840597|494843|01/05/2020|sed pede. Cum sociis
Alvarez|177861129|Chase|522881881825817045|476753|08/11/2021|et, euismod et, commodo
Howe|806333275|Barrera|794784914470631829|384695|28/08/2021|rutrum non, hendrerit id,
Pace|469065283|Cooper|103446465040914101|602790|24/02/2020|tristique senectus et netus
Sharp|291654144|Oliver|59348154250432437|542335|24/12/2019|dictum. Proin eget odio.
Pierce|656447481|Shaw|894132517446913813|804998|17/11/2021|ridiculus mus. Proin vel
Parsons|831447055|Hart|2045402445066959381|42522|12/03/2021|nunc sit amet metus.
Richardson|548447299|Neal|1894158087878091541|831156|01/09/2020|et pede. Nunc sed
Harmon|579333617|Horton|1381783574138866453|571688|27/06/2021|orci lobortis augue scelerisque
Mullen|474606450|Dodson|788862586918616341|431673|10/07/2020|amet, consectetuer adipiscing elit.
Howard|260634913|Hays|668643264135557525|540538|12/03/2021|in, tempus eu, ligula.
Mendez|336343790|Ayala|26379777837798601|119746|13/08/2020|egestas. Fusce aliquet magna
Stuart|890210096|Manning|1273171835254188309|696067|14/11/2020|fringilla est. Mauris eu
Mcdaniel|196333527|Vargas|83229001041631749|674364|24/04/2021|est ac mattis semper,
Boone|406722940|Thomas|767075002329777173|664632|08/09/2021|parturient montes, nascetur ridiculus
Buckley|221623283|Kaufman|1207466545095148309|399110|27/10/2021|pede ac urna. Ut
Peterson|137303784|Evans|1755550066629124629|27288|01/11/2020|turpis. Nulla aliquet. Proin
Sargent|909578008|Ferguson|889289981499045013|453311|21/05/2020|imperdiet nec, leo. Morbi
Riley|160572849|Benson|1619247860648593173|78489|30/11/2020|erat vel pede blandit
Cobb|264076929|Benton|188171585017114517|490266|24/07/2021|faucibus orci luctus et
Henry|644970260|Shields|2102248476321562645|119065|10/07/2021|nisl sem, consequat nec,
Velazquez|851161859|Dunlap|471082118376643733|591695|04/01/2021|orci tincidunt adipiscing. Mauris
Mcgowan|478202826|Conner|2055481490957295125|790228|30/01/2021|dis parturient montes, nascetur
Snider|609181751|Ortega|2149754123667015957|253487|05/04/2021|lorem tristique aliquet. Phasellus
Mullins|500431194|Wagner|1683929335545806613|516565|15/08/2020|facilisis non, bibendum sed,
Howard|923886616|Avila|680957581798672789|823892|29/04/2020|Suspendisse aliquet, sem ut
Levine|771723775|Woods|1850854381605026069|951295|27/03/2020|et, rutrum non, hendrerit
Blair|596263329|Wooten|632632571882039573|424814|24/03/2021|placerat eget, venenatis a,
Vang|365851696|Gilliam|1426602135677582613|198450|19/02/2021|Ut tincidunt orci quis
Hamilton|860676287|Baldwin|727961868468107797|572122|01/10/2021|Curabitur egestas nunc sed
Porter|140946861|Jenkins|1778030058834070805|311014|08/09/2020|lectus justo eu arcu.
Tran|852454955|Bates|2087254830804160277|633887|01/04/2020|accumsan interdum libero dui
James|736427273|Lowery|1075520721674479253|979436|04/08/2020|mauris ut mi. Duis
Dickerson|899173943|Doyle|1358837254182060053|506788|13/12/2020|nulla. Cras eu tellus
Clarke|888649663|Fowler|483487186853224981|196284|18/08/2020|volutpat. Nulla facilisis. Suspendisse
Raymond|926807219|Terrell|534472101389524757|688827|03/04/2021|molestie in, tempus eu,
Leach|635970750|Bauer|1344527706525680405|484329|08/05/2021|mus. Donec dignissim magna
May|948202692|Harrison|280687082936599573|413607|13/08/2021|nulla. Integer urna. Vivamus
Boyle|687194724|Erickson|802802473702393493|232562|12/11/2021|ligula tortor, dictum eu,
Rosa|475875393|Nelson|225298926237290997|614253|26/02/2021|neque sed sem egestas
Wilkerson|441900589|Rojas|2030764256411664405|596710|09/09/2021|nibh sit amet orci.
Blackburn|229593478|Bird|290215053568924181|696942|09/07/2020|mattis. Cras eget nisi
Salas|357117436|Knowles|471457129335656341|390236|06/08/2021|gravida. Aliquam tincidunt, nunc
Mayer|539413788|Mayer|1977679291191981077|824127|28/06/2020|ultricies ornare, elit elit
Merritt|656749197|Cunningham|665757661333308309|713301|03/05/2021|porta elit, a feugiat
Carey|715311421|Cook|2181870917032915733|552016|15/03/2020|sodales elit erat vitae
Hendrix|664251322|Vance|1122615244432393365|749702|22/12/2020|bibendum ullamcorper. Duis cursus,
Banks|605397373|Sullivan|1271898974887653141|758992|15/03/2020|Pellentesque tincidunt tempus risus.
Ingram|411307299|Reese|95415248148696197|177571|27/02/2020|hendrerit id, ante. Nunc
Sims|814155859|Conway|148989671029077013|83522|07/01/2021|Curabitur massa. Vestibulum accumsan
Tate|319376950|Mcgowan|213776041862223573|158386|10/12/2020|luctus, ipsum leo elementum
Sutton|613787183|Rivas|1882086205683783957|46750|20/07/2020|ridiculus mus. Proin vel
Hewitt|193295994|Bond|709881887218255253|623927|04/06/2021|lacus pede sagittis augue,
Mcbride|200967566|Church|783950687416692885|130435|01/09/2020|Aliquam rutrum lorem ac
Valentine|969261083|Carroll|264748516847834709|42337|11/04/2020|Phasellus ornare. Fusce mollis.
Avery|931953253|Hunter|1451731409756227349|26831|02/08/2021|aliquet, metus urna convallis
Richardson|912381319|Cohen|1267937695009595157|716567|18/02/2020|Curae; Phasellus ornare. Fusce
Benton|239927413|French|341425169011124373|437900|05/06/2021|vulputate, posuere vulputate, lacus.
Wood|137437808|Ayers|372127480664847893|350933|16/11/2021|vitae purus gravida sagittis.
Knowles|353580577|Cameron|1544405932614712085|379337|01/09/2020|dictum cursus. Nunc mauris
Tanner|472058469|Buckner|826767912055521173|23285|14/03/2020|id, mollis nec, cursus
Wilkerson|807086506|Bean|368753469281217749|332479|23/06/2021|aliquet. Phasellus fermentum convallis
Harrell|466756591|Travis|1647691708461114645|543040|05/04/2021|dui, semper et, lacinia
Moran|580481650|Gray|1564496854965637397|687746|21/09/2021|pretium neque. Morbi quis
Schultz|293975411|Williamson|2252423797695574805|856791|16/01/2020|euismod urna. Nullam lobortis
Cantrell|771338526|Reilly|595984635918050325|102730|20/02/2020|Lorem ipsum dolor sit
Hartman|187655341|May|1052158872523731349|231749|31/01/2020|semper erat, in consectetuer
Dalton|660867443|Fowler|292440890170970005|325441|01/11/2021|quam. Pellentesque habitant morbi
Jackson|958626625|Hale|1937237896415509525|634466|09/12/2019|morbi tristique senectus et
Little|521018837|Durham|1203461238782409749|421842|18/11/2020|Sed eu eros. Nam
Stark|609322340|Stafford|1472802320499282965|816708|11/10/2020|mi. Aliquam gravida mauris
Henson|306790516|Barron|2306551865096825109|661426|10/09/2021|Pellentesque tincidunt tempus risus.

